{'pImmuneKill': 0.5, 'pCancerMult': 0.4, 'pCancerSpawn': 0.1}
4 runs over 10 iterations

AverageImmune, VarianceImmune, StdDefImmune, AverageBacteria, VarianceBacteria, StdDefBacteria
0.005965,2.7499999999999667e-10,1.65831239517769e-05,0.0,0.0,0.0
0.005975,0.0,0.0,5e-06,1.0000000000000003e-10,1e-05
0.00592,9.999999999999879e-11,9.99999999999994e-06,0.0,0.0,0.0
0.005999999999999999,7.52316384526264e-37,8.673617379884035e-19,0.00013749999999999998,2.3031250000000003e-08,0.0001517605021077619

