{'pImmuneKill': 0.4, 'pCancerMult': 0.4, 'pCancerSpawn': 0.1}
2 runs over 100 iterations

AverageImmune, VarianceImmune, StdDefImmune, AverageBacteria, VarianceBacteria, StdDefBacteria
0.0072487500000000035,3.8198421875e-06,0.00195444165620261,0.09825450000000002,0.01415335277975,0.11896786448343939
0.00806575,4.978970687500001e-06,0.002231360725543945,0.065546,0.005039612384000001,0.07099022738377446

