{'pImmuneKill': 0.5, 'pCancerMult': 0.4, 'pCancerSpawn': 0.1}
5 runs over 100 iterations

AverageImmune, VarianceImmune, StdDefImmune, AverageBacteria, VarianceBacteria, StdDefBacteria
0.010221000000000001,2.9626958999999994e-05,0.005443065220994508,0.10031474999999998,0.012568872213687497,0.11211098168193648
0.007958750000000004,9.6676546875e-06,0.0031092852373978174,0.0839865,0.010847438355250004,0.1041510362658481
0.009496,1.7254359e-05,0.0041538366602455615,0.07825000000000001,0.006773411849999999,0.08230074027613603
0.009438750000000003,2.4150004687499992e-05,0.004914265427050109,0.07020225000000001,0.007956243626187498,0.08919777814602502
0.008706250000000002,1.1076817187499998e-05,0.0033281852694073384,0.09264724999999999,0.0077860595486875,0.08823865110419299

