{'pImmuneKill': 0.6, 'pCancerMult': 0.4, 'pCancerSpawn': 0.1}
2 runs over 100 iterations

AverageImmune, VarianceImmune, StdDefImmune, AverageBacteria, VarianceBacteria, StdDefBacteria
0.01200325,6.92755831875e-05,0.008323195491366281,0.04982874999999999,0.0042427068046875,0.06513606377950314
0.012633249999999999,0.00010022038818749995,0.010011013344686938,0.10626624999999996,0.0175363488421875,0.13242487999687785

